{
    "faces":[33,0,1,3,2,0,0,0,0,33,2,3,5,4,1,1,1,1,33,4,5,7,6,2,2,2,2,33,6,7,9,8,3,3,3,3,33,8,9,11,10,4,4,4,4,33,10,11,13,12,5,5,5,5,33,12,13,15,14,6,6,6,6,32,5,3,1,7,7,7,32,1,17,15,8,8,8,32,15,13,11,8,8,8,32,11,9,7,9,9,9,32,7,5,1,10,10,10,32,1,15,11,8,8,8,32,1,11,7,9,9,9,33,14,15,17,16,11,11,11,11,33,1,0,16,17,12,12,12,12,32,16,0,2,13,13,13,32,2,4,6,14,14,14,32,6,8,10,15,15,15,32,10,12,14,13,13,13,32,14,16,2,13,13,13,32,2,6,10,16,16,16,32,2,10,14,17,17,17,33,20,19,22,23,18,18,18,18,32,18,27,21,19,19,19,33,19,18,21,22,20,20,20,20,33,22,21,24,25,21,21,21,21,33,23,22,25,26,22,22,22,22,32,21,27,24,23,23,23,33,25,24,28,29,24,24,24,24,33,26,25,29,30,25,25,25,25,32,24,27,28,26,26,26,33,29,28,31,32,27,27,27,27,33,30,29,32,33,28,28,28,28,32,28,27,31,29,29,29,33,32,31,18,19,30,30,30,30,33,33,32,19,20,31,31,31,31,32,31,27,18,32,32,32,33,34,35,37,36,0,0,0,0,33,36,37,39,38,33,33,33,33,33,38,39,41,40,34,34,34,34,33,40,41,43,42,35,35,35,35,33,42,43,45,44,36,36,36,36,33,44,45,47,46,37,37,37,37,33,46,47,49,48,38,38,38,38,32,39,37,35,7,7,7,32,35,51,49,7,7,7,32,49,47,45,7,7,7,32,45,43,41,8,8,8,32,41,39,35,10,10,10,32,35,49,45,8,8,8,32,35,45,41,9,9,9,33,48,49,51,50,39,39,39,39,33,50,51,35,34,12,12,12,12,32,50,34,36,13,13,13,32,36,38,40,16,16,16,32,40,42,44,15,15,15,32,44,46,48,40,40,40,32,48,50,36,13,13,13,32,36,40,44,14,14,14,32,36,44,48,15,15,15],
    "vertices":[0.631906,2.17393e-08,-0.502663,2.63191,-6.56835e-08,-0.502663,0.631906,-0.0964181,-0.46757,2.63191,-0.0964182,-0.46757,0.631906,-0.147721,-0.37871,2.63191,-0.147721,-0.37871,0.631906,-0.129904,-0.277663,2.63191,-0.129904,-0.277663,0.631906,-0.051303,-0.211709,2.63191,-0.0513031,-0.211709,0.631906,0.0513031,-0.211709,2.63191,0.051303,-0.211709,0.631906,0.129904,-0.277663,2.63191,0.129904,-0.277663,0.631906,0.147721,-0.37871,2.63191,0.147721,-0.37871,0.631906,0.0964182,-0.46757,2.63191,0.0964181,-0.46757,-0.185875,0.809017,-0.628486,-0.300752,0.309017,-0.973116,-0.300752,-0.309017,-0.973116,0.472891,0.809017,-0.419957,0.765154,0.309017,-0.635707,0.765154,-0.309017,-0.635707,0.478138,0.809017,0.271006,0.773643,0.309017,0.482294,0.773643,-0.309017,0.482294,0,1,-0.0708645,-0.177386,0.809017,0.489515,-0.287017,0.309017,0.835849,-0.287017,-0.309017,0.835849,-0.587768,0.809017,-0.0664018,-0.951029,0.309017,-0.0636436,-0.951029,-0.309017,-0.0636436,0.631906,4.49045e-08,0.0272962,2.63191,-4.25182e-08,0.0272962,0.631906,-0.0964181,0.0623895,2.63191,-0.0964182,0.0623895,0.631906,-0.147721,0.151249,2.63191,-0.147721,0.151249,0.631906,-0.129904,0.252296,2.63191,-0.129904,0.252296,0.631906,-0.0513029,0.31825,2.63191,-0.051303,0.31825,0.631906,0.0513031,0.31825,2.63191,0.051303,0.31825,0.631906,0.129904,0.252296,2.63191,0.129904,0.252296,0.631906,0.147721,0.151249,2.63191,0.147721,0.151249,0.631906,0.0964182,0.0623895,2.63191,0.0964181,0.0623895],
    "metadata":{
        "generator":"io_three",
        "vertices":52,
        "uvs":0,
        "version":3,
        "faces":61,
        "type":"Geometry",
        "normals":41
    },
    "uvs":[],
    "normals":[-1.53169e-08,-0.34202,-0.939693,-3.97105e-08,-0.866026,-0.5,-4.42488e-08,-0.984808,0.173648,-2.83646e-08,-0.642788,0.766044,1.29843e-14,2.90454e-07,1,2.83646e-08,0.642788,0.766044,4.39652e-08,0.984808,0.173648,1,0,0,1,0,0,1,-0,0,1,0,-0,3.85759e-08,0.866026,-0.5,1.53169e-08,0.34202,-0.939693,-1,0,0,-1,0,-0,-1,-0,0,-1,0,-0,-1,-0,0,0.301787,-1.94086e-07,-0.953375,0.112473,0.927957,-0.355312,0.260172,0.506732,-0.821908,0.862079,0.506732,-0.00654567,0.999971,-6.73911e-10,-0.00759264,0.372678,0.927957,-0.00282971,0.272622,0.506732,0.817863,0.316229,0,0.948683,0.117855,0.927957,0.353563,-0.693589,0.506732,0.512013,-0.804531,0,0.593911,-0.299839,0.927957,0.221344,-0.701284,0.506732,-0.501422,-0.813457,-4.31303e-08,-0.581626,-0.303166,0.927957,-0.216765,-3.85759e-08,-0.866025,-0.5,-4.42488e-08,-0.984808,0.173648,-2.83646e-08,-0.642788,0.766044,0,0,1,2.94992e-08,0.642788,0.766044,4.39652e-08,0.984808,0.173648,3.85759e-08,0.866026,-0.5,-1,0,0]
}