{
    "faces":[32,0,16,21,0,0,0,32,1,17,23,1,1,1,32,2,18,24,2,2,2,32,3,19,25,3,3,3,32,4,20,22,4,4,4,32,22,25,5,5,5,5,32,22,20,25,6,6,6,32,20,3,25,7,7,7,32,25,24,5,8,8,8,32,25,19,24,9,9,9,32,19,2,24,10,10,10,32,24,23,5,11,11,11,32,24,18,23,12,12,12,32,18,1,23,13,13,13,32,23,21,5,14,14,14,32,23,17,21,15,15,15,32,17,0,21,16,16,16,32,21,22,5,17,17,17,32,21,16,22,18,18,18,32,16,4,22,19,19,19,32,7,20,4,20,20,20,32,7,14,20,21,21,21,32,14,3,20,22,22,22,32,15,19,3,23,23,23,32,15,12,19,24,24,24,32,12,2,19,25,25,25,32,13,18,2,26,26,26,32,13,10,18,27,27,27,32,10,1,18,28,28,28,32,11,17,1,29,29,29,32,11,8,17,30,30,30,32,8,0,17,31,31,31,32,9,16,0,32,32,32,32,9,6,16,33,33,33,32,6,4,16,34,34,34,32,14,15,3,35,35,35,32,12,13,2,36,36,36,32,10,11,1,37,37,37,32,8,9,0,38,38,38,32,6,7,4,39,39,39],
    "vertices":[0.552776,0.89444,1.7013,-1.44721,0.894439,1.05145,-1.44721,0.894439,-1.05145,0.552776,0.89444,-1.7013,1.78885,0.894431,-3.90968e-08,0,2,-8.74228e-08,1.90212,2.70147e-08,0.618025,1.90212,-2.70147e-08,-0.618025,0,8.74228e-08,2,1.17557,7.07265e-08,1.61803,-1.90212,2.70147e-08,0.618025,-1.17557,7.07265e-08,1.61803,-1.17557,-7.07265e-08,-1.61803,-1.90212,-2.70147e-08,-0.618025,1.17557,-7.07265e-08,-1.61803,0,-8.74228e-08,-2,1.37638,1.05147,0.999994,-0.525738,1.05148,1.61802,-1.7013,1.05147,-4.59613e-08,-0.525738,1.05148,-1.61802,1.37638,1.05147,-0.999994,0.324911,1.70131,0.99999,1.05146,1.7013,-7.43663e-08,-0.850645,1.70131,0.618023,-0.850645,1.70131,-0.618023,0.324911,1.70131,-0.999991],
    "metadata":{
        "generator":"io_three",
        "vertices":26,
        "uvs":0,
        "version":3,
        "faces":40,
        "type":"Geometry",
        "normals":40
    },
    "uvs":[],
    "normals":[0.408946,0.661699,0.628425,-0.4713,0.661699,0.583122,-0.700224,0.661699,-0.268032,0.0385303,0.661699,-0.748779,0.724042,0.661695,-0.194736,0.268034,0.943523,-0.194737,0.491119,0.794658,-0.356821,0.408946,0.661698,-0.628425,-0.102381,0.943523,-0.31509,-0.187594,0.794658,-0.577345,-0.4713,0.661699,-0.583122,-0.331305,0.943524,0,-0.60706,0.794656,0,-0.700224,0.661699,0.268032,-0.102381,0.943523,0.31509,-0.187594,0.794658,0.577345,0.0385305,0.661699,0.748779,0.268034,0.943523,0.194737,0.491119,0.794658,0.356821,0.724042,0.661695,0.194736,0.889697,0.330385,-0.315095,0.794656,0.187595,-0.577348,0.574602,0.330388,-0.748784,-0.0247466,0.330386,-0.943521,-0.303531,0.187597,-0.934171,-0.534576,0.330387,-0.777865,-0.904989,0.330385,-0.268032,-0.982246,0.187599,-8.20019e-09,-0.904989,0.330385,0.268031,-0.534576,0.330387,0.777865,-0.303531,0.187597,0.934171,-0.0247466,0.330386,0.943521,0.574602,0.330388,0.748783,0.794656,0.187595,0.577348,0.889697,0.330385,0.315095,0.306569,0.125629,-0.943522,-0.802609,0.125627,-0.583126,-0.802609,0.125627,0.583126,0.306569,0.125629,0.943522,0.992077,0.125628,-5.49139e-09]
}