{
    "metadata":{
        "normals":59,
        "version":3,
        "vertices":62,
        "type":"Geometry",
        "faces":73,
        "generator":"io_three"
    },
    "vertices":[-0.857836,-0.51635,-1.95113,-0.905064,-0.428205,-1.95113,-0.857836,-0.51635,-4.95113,-0.905064,-0.428205,-4.95113,0.905064,0.428205,-1.95113,0.857836,0.516349,-1.95113,0.905064,0.428204,-4.95113,0.857836,0.516349,-4.95113,0,0.05,-2,0,0.05,2,0.0433013,-0.025,-2,0.0433013,-0.025,2,-0.0433013,-0.025,-2,-0.0433013,-0.025,2,-2,8.75649e-08,-1,2,-1.50854e-07,-1,-2,-0.309017,-0.951057,2,-0.309017,-0.951057,-2,-0.587785,-0.809017,2,-0.587785,-0.809017,-2,-0.809017,-0.587785,2,-0.809017,-0.587785,-2,-0.951056,-0.309017,2,-0.951057,-0.309017,-2,-1,-2.38419e-07,2,-1,-2.38419e-07,-2,-0.951056,0.309017,2,-0.951057,0.309017,-2,-0.809017,0.587785,2,-0.809017,0.587785,-2,-0.587785,0.809017,2,-0.587785,0.809017,-2,-0.309017,0.951056,2,-0.309017,0.951056,-2,4.45193e-07,1,2,2.06774e-07,1,-2,0.309018,0.951056,2,0.309017,0.951056,-2,0.587786,0.809016,2,0.587786,0.809016,-2,0.809018,0.587785,2,0.809017,0.587785,-2,0.951057,0.309016,2,0.951057,0.309016,-2,1,-1.19209e-06,2,1,-1.19209e-06,-2,0.951056,-0.309018,2,0.951056,-0.309018,-2,0.809016,-0.587786,2,0.809016,-0.587786,-2,0.587784,-0.809018,2,0.587784,-0.809018,-2,0.309016,-0.951057,2,0.309015,-0.951057,-0.857836,-0.516349,5.02045,-0.905064,-0.428204,5.02045,-0.857836,-0.51635,2.02045,-0.905064,-0.428205,2.02045,0.905064,0.428205,5.02045,0.857836,0.51635,5.02045,0.905064,0.428205,2.02045,0.857836,0.51635,2.02045],
    "faces":[33,0,1,3,2,0,0,0,0,33,2,3,7,6,1,1,1,1,33,6,7,5,4,2,2,2,2,33,1,0,4,5,3,3,3,3,33,4,0,2,6,4,4,4,4,33,7,3,1,5,5,5,5,5,33,8,9,11,10,6,6,6,6,33,10,11,13,12,7,7,7,7,32,11,9,13,8,8,8,33,12,13,9,8,9,9,9,9,32,8,10,12,1,1,1,33,14,15,17,16,10,10,10,10,33,16,17,19,18,11,11,11,11,33,18,19,21,20,12,12,12,12,33,20,21,23,22,13,13,13,13,33,22,23,25,24,14,14,14,14,33,24,25,27,26,15,15,15,15,33,26,27,29,28,16,16,16,16,33,28,29,31,30,17,17,17,17,33,30,31,33,32,18,18,18,18,33,32,33,35,34,19,19,19,19,33,34,35,37,36,20,20,20,20,33,36,37,39,38,21,21,21,21,33,38,39,41,40,22,22,22,22,33,40,41,43,42,23,23,23,23,33,42,43,45,44,24,24,24,24,33,44,45,47,46,25,25,25,25,33,46,47,49,48,26,26,26,26,33,48,49,51,50,27,27,27,27,32,19,17,15,28,28,28,32,15,53,51,29,29,29,32,51,49,47,30,30,30,32,47,45,43,31,31,31,32,43,41,39,31,31,31,32,39,37,35,32,32,32,32,35,33,31,31,31,31,32,31,29,27,31,31,31,32,27,25,23,33,33,33,32,23,21,19,34,34,34,32,19,15,51,35,35,35,32,51,47,43,36,36,36,32,43,39,35,37,37,37,32,35,31,27,31,31,31,32,27,23,19,38,38,38,32,19,51,43,39,39,39,32,43,35,27,40,40,40,32,43,27,19,41,41,41,33,50,51,53,52,42,42,42,42,33,52,53,15,14,43,43,43,43,32,52,14,16,44,44,44,32,16,18,20,45,45,45,32,20,22,24,46,46,46,32,24,26,28,47,47,47,32,28,30,32,48,48,48,32,32,34,36,49,49,49,32,36,38,40,50,50,50,32,40,42,44,51,51,51,32,44,46,48,52,52,52,32,48,50,52,53,53,53,32,52,16,20,44,44,44,32,20,24,28,54,54,54,32,28,32,36,49,49,49,32,36,40,44,55,55,55,32,44,48,52,56,56,56,32,52,20,28,44,44,44,32,28,36,44,57,57,57,32,28,44,52,58,58,58,33,54,55,57,56,0,0,0,0,33,56,57,61,60,1,1,1,1,33,60,61,59,58,2,2,2,2,33,58,59,55,54,3,3,3,3,33,56,60,58,54,4,4,4,4,33,61,57,55,59,5,5,5,5],
    "normals":[-0.88145,-0.472277,1.86264e-08,0,0,-1,0.88145,0.472277,-1.86265e-08,0,0,1,0.472277,-0.88145,3.97364e-08,-0.472277,0.88145,-3.97364e-08,0.866025,0.5,0,-9.67859e-08,-1,-2.32831e-10,-0,0,1,-0.866025,0.5,3.36062e-10,-9.30224e-09,-0.156434,-0.987688,-2.97672e-08,-0.453991,-0.891006,-4.16741e-08,-0.707107,-0.707107,-5.95344e-08,-0.891007,-0.453991,-5.87902e-08,-0.987688,-0.156434,-2.93951e-08,-0.987688,0.156435,-2.67905e-08,-0.891006,0.45399,-3.27439e-08,-0.707107,0.707107,-2.38137e-08,-0.45399,0.891007,-8.18597e-09,-0.156434,0.987688,8.18597e-09,0.156435,0.987688,2.0837e-08,0.453991,0.891006,3.12555e-08,0.707107,0.707106,5.20925e-08,0.891007,0.45399,1.03069e-07,0.987688,0.156434,1.03069e-07,0.987688,-0.156436,7.29295e-08,0.891006,-0.453991,5.8046e-08,0.707106,-0.707108,1,3.85766e-07,2.43564e-06,1,1.11955e-06,-2.19724e-06,1,-2.19723e-06,1.11955e-06,1,0,0,1,-1.11955e-06,-2.19723e-06,1,-2.43566e-06,3.85771e-07,1,-1.74374e-06,-1.74374e-06,1,1.01274e-12,1.24838e-06,1,-6.5631e-07,6.96256e-13,1,-5.30966e-07,-3.85768e-07,1,1.18727e-06,3.85769e-07,1,-1.72996e-13,-2.13248e-07,1,-1.25344e-07,1.72521e-07,1,-1.25344e-07,-4.07267e-08,3.42322e-08,0.45399,-0.891007,1.04186e-08,0.156433,-0.987689,-1,0,0,-1,-2.86329e-06,-3.94098e-06,-1,-4.63289e-06,-1.50532e-06,-1,-4.63289e-06,1.50532e-06,-1,-2.86327e-06,3.94096e-06,-1,-0,0,-1,1.74373e-06,1.74373e-06,-1,-4.63289e-06,-1.50531e-06,-1,2.43566e-06,-3.85775e-07,-1,2.86328e-06,-3.94098e-06,-1,0,-0,-1,6.24188e-07,2.02811e-07,-1,-3.85768e-07,5.30966e-07,-1,6.58972e-08,-2.02811e-07,-1,1.72521e-07,1.25344e-07]
}