{
    "metadata":{
        "generator":"io_three",
        "vertices":12,
        "normals":20,
        "type":"Geometry",
        "uvs":0,
        "version":3,
        "faces":20
    },
    "vertices":[0,2.13352,-3.72701,0.014472,2.14458,-3.7165,-0.0055277,2.14458,-3.71,-0.0178885,2.14458,-3.72701,-0.0055277,2.14458,-3.74402,0.014472,2.14458,-3.73753,0.0055277,2.16247,-3.71,-0.014472,2.16247,-3.7165,-0.014472,2.16247,-3.73753,0.0055277,2.16247,-3.74402,0.0178885,2.16247,-3.72701,0,2.17352,-3.72701],
    "uvs":[],
    "faces":[32,0,1,2,0,0,0,32,1,0,5,1,1,1,32,0,2,3,2,2,2,32,0,3,4,3,3,3,32,0,4,5,4,4,4,32,1,5,10,5,5,5,32,2,1,6,6,6,6,32,3,2,7,7,7,7,32,4,3,8,8,8,8,32,5,4,9,9,9,9,32,1,10,6,10,10,10,32,2,6,7,11,11,11,32,3,7,8,12,12,12,32,4,8,9,13,13,13,32,5,9,10,14,14,14,32,6,10,11,15,15,15,32,7,6,11,16,16,16,32,8,7,11,17,17,17,32,9,8,11,18,18,18,32,10,9,11,19,19,19],
    "normals":[0.187594,-0.794652,0.577353,0.607065,-0.794652,0,-0.491122,-0.794652,0.356829,-0.491122,-0.794652,-0.356829,0.187594,-0.794652,-0.577353,0.982246,-0.187597,0,0.303533,-0.187588,0.934173,-0.794649,-0.18759,0.577358,-0.794649,-0.18759,-0.577358,0.303533,-0.187588,-0.934173,0.794649,0.18759,0.577358,-0.303533,0.187588,0.934173,-0.982246,0.187597,0,-0.303533,0.187588,-0.934173,0.794649,0.18759,-0.577358,0.491122,0.794652,0.356829,-0.187594,0.794652,0.577353,-0.607065,0.794652,0,-0.187594,0.794652,-0.577353,0.491122,0.794652,-0.356829]
}