{
    "vertices":[-0.524213,-0.17435,-0.0452807,-0.742225,-0.17435,-0.274346,-0.477295,-0.347555,-0.133591,-0.718765,-0.260953,-0.318501,-0.383457,-0.347555,-0.310211,-0.671847,-0.260953,-0.406811,-0.336539,-0.17435,-0.398521,-0.648387,-0.17435,-0.450966,-0.383458,-0.00114493,-0.310211,-0.671847,-0.0877475,-0.406811,-0.477295,-0.00114493,-0.133591,-0.718765,-0.0877475,-0.318501,0.275287,-0.13062,-0.450659,0.583942,-0.13062,-0.519447,0.326788,-0.303825,-0.364941,0.609693,-0.217223,-0.476588,0.429792,-0.303825,-0.193506,0.661195,-0.217223,-0.39087,0.481294,-0.13062,-0.107788,0.686946,-0.13062,-0.348011,0.429792,0.0425849,-0.193506,0.661195,-0.0440176,-0.39087,0.326788,0.0425849,-0.364941,0.609693,-0.0440176,-0.476588,0.188414,-0.17435,0.470444,0.0884145,-0.17435,0.770444,0.0884144,-0.347555,0.470444,0.0384143,-0.260953,0.770444,-0.111586,-0.347555,0.470444,-0.0615856,-0.260953,0.770444,-0.211586,-0.17435,0.470444,-0.111586,-0.17435,0.770444,-0.111586,-0.00114492,0.470444,-0.0615855,-0.0877474,0.770444,0.0884144,-0.00114493,0.470444,0.0384143,-0.0877475,0.770444,1.78814e-07,-0.309017,-0.951057,1.19209e-07,-0.587785,-0.809017,5.96046e-08,-0.809017,-0.587785,5.96046e-08,-0.951057,-0.309017,0,-1,2.68221e-07,0.267617,0.951057,0.154509,0.509037,0.809017,0.293893,0.70063,0.587785,0.404509,0.823639,0.309017,0.475529,0.866026,-7.45058e-08,0.500001,0.823639,-0.309017,0.475529,0.700629,-0.587785,0.404509,0.509037,-0.809017,0.293893,0.267617,-0.951057,0.154509,-1.19209e-07,1,3.8743e-07,-0.267617,0.951056,0.154509,-0.509037,0.809017,0.293893,-0.70063,0.587785,0.404509,-0.823639,0.309017,0.475528,-0.866026,-1.3411e-07,0.5,-0.823639,-0.309017,0.475528,-0.70063,-0.587785,0.404509,-0.509037,-0.809017,0.293893,-0.267617,-0.951057,0.154509,1.78814e-07,0.951056,-0.309017,1.78814e-07,0.809017,-0.587785,1.78814e-07,0.587785,-0.809017,2.98023e-07,0.309017,-0.951057,2.98023e-07,-2.68221e-07,-1],
    "normals":[-0.635314,-0.480385,0.604655,-0.244928,-0.960769,-0.130129,0.145458,-0.480384,-0.864912,0.145458,0.480384,-0.864912,-0.8831,-6.72124e-07,-0.469185,-0.8831,-2.1508e-07,-0.469186,-0.8831,0,-0.469185,-0.8831,0,-0.469186,-0.244928,0.960769,-0.130129,-0.635314,0.480384,0.604655,0.8831,8.06549e-08,0.469186,0.8831,5.37699e-08,0.469185,0.8831,-2.6885e-08,0.469185,0.8831,7.16933e-08,0.469185,-0.190783,-0.480384,-0.856056,0.237739,-0.960769,-0.14284,0.66626,-0.480384,0.570376,0.66626,0.480384,0.570376,0.857179,-8.60319e-07,-0.515019,0.857179,8.60319e-07,-0.515019,0.857178,0,-0.51502,0.857179,0,-0.515018,0.237739,0.960769,-0.14284,-0.190783,0.480384,-0.856057,-0.857179,0,0.515019,-0.857179,5.37699e-08,0.515019,-0.857179,8.06549e-08,0.515019,-0.857179,0,0.515019,0.83205,-0.480385,0.27735,0,-0.960769,0.27735,-0.832051,-0.480384,0.27735,-0.83205,0.480384,0.27735,1.19209e-06,-2.06477e-06,1,1.1921e-06,2.06477e-06,1,0,-0,1,-0,0,1,2.98262e-07,0.960769,0.27735,0.83205,0.480385,0.27735,5.96046e-07,-3.44128e-07,-1,5.96046e-07,3.44127e-07,-1,-5.96046e-07,1.03238e-06,-1,1.98682e-07,-3.44128e-07,-1,0.774597,0.447213,-0.447214,0.261522,-0.953314,-0.15099,0.839219,-0.246877,-0.484523,0.839219,0.246877,-0.484523,0.261521,0.953315,-0.15099,0.774597,-0.447213,-0.447214,0.863323,0.078945,-0.498439,0.618123,0.700403,-0.356874,0.618123,-0.700404,-0.356873,0.863323,-0.0789451,-0.498439,-2.42788e-07,0.447213,0.894427,-2.79584e-07,-0.953314,0.30198,-2.42128e-07,-0.246877,0.969047,-2.88854e-07,0.246877,0.969047,-7.03204e-07,0.953314,0.301979,-1.64971e-07,-0.447213,0.894427,-2.13818e-07,0.0789451,0.996879,-3.01285e-07,0.700404,0.713747,-1.62694e-07,-0.700404,0.713747,-2.09817e-07,-0.0789453,0.996879,-0.863322,-0.0789451,-0.49844,-0.774597,0.447214,-0.447214,-0.261522,-0.953314,-0.15099,-0.839219,-0.246877,-0.484524,-0.839219,0.246877,-0.484524,-0.261523,0.953314,-0.15099,-0.774596,-0.447214,-0.447214,-0.863322,0.0789451,-0.49844,-0.618123,0.700404,-0.356874,-0.618123,-0.700404,-0.356873],
    "faces":[33,0,1,3,2,0,0,0,0,33,2,3,5,4,1,1,1,1,33,4,5,7,6,2,2,2,2,33,6,7,9,8,3,3,3,3,32,5,3,1,4,4,4,32,1,11,9,5,5,5,32,9,7,5,6,6,6,32,1,9,5,7,7,7,33,8,9,11,10,8,8,8,8,33,1,0,10,11,9,9,9,9,32,10,0,2,10,10,10,32,2,4,6,11,11,11,32,6,8,10,12,12,12,32,2,6,10,13,13,13,33,12,13,15,14,14,14,14,14,33,14,15,17,16,15,15,15,15,33,16,17,19,18,16,16,16,16,33,18,19,21,20,17,17,17,17,32,17,15,13,18,18,18,32,13,23,21,19,19,19,32,21,19,17,20,20,20,32,13,21,17,21,21,21,33,20,21,23,22,22,22,22,22,33,22,23,13,12,23,23,23,23,32,22,12,14,24,24,24,32,14,16,18,25,25,25,32,18,20,22,26,26,26,32,14,18,22,27,27,27,33,24,25,27,26,28,28,28,28,33,26,27,29,28,29,29,29,29,33,28,29,31,30,30,30,30,30,33,30,31,33,32,31,31,31,31,32,29,27,25,32,32,32,32,25,35,33,33,33,33,32,33,31,29,34,34,34,32,25,33,29,35,35,35,33,32,33,35,34,36,36,36,36,33,34,35,25,24,37,37,37,37,32,34,24,26,38,38,38,32,26,28,30,39,39,39,32,30,32,34,40,40,40,32,26,30,34,41,41,41,33,62,61,42,43,42,42,42,42,32,40,39,49,43,43,43,33,37,36,46,47,44,44,44,44,33,63,62,43,44,45,45,45,45,32,60,50,41,46,46,46,33,38,37,47,48,47,47,47,47,33,64,63,44,45,48,48,48,48,33,61,60,41,42,49,49,49,49,33,39,38,48,49,50,50,50,50,33,36,64,45,46,51,51,51,51,33,43,42,52,53,52,52,52,52,32,40,49,59,53,53,53,33,47,46,56,57,54,54,54,54,33,44,43,53,54,55,55,55,55,32,41,50,51,56,56,56,33,48,47,57,58,57,57,57,57,33,45,44,54,55,58,58,58,58,33,42,41,51,52,59,59,59,59,33,49,48,58,59,60,60,60,60,33,46,45,55,56,61,61,61,61,33,56,55,64,36,62,62,62,62,33,53,52,61,62,63,63,63,63,32,40,59,39,64,64,64,33,57,56,36,37,65,65,65,65,33,54,53,62,63,66,66,66,66,32,51,50,60,67,67,67,33,58,57,37,38,68,68,68,68,33,55,54,63,64,69,69,69,69,33,52,51,60,61,70,70,70,70,33,59,58,38,39,71,71,71,71],
    "metadata":{
        "vertices":65,
        "normals":72,
        "version":3,
        "faces":72,
        "generator":"io_three",
        "type":"Geometry"
    }
}