{
    "normals":[0.269975,0.841698,-0.46761,0.539949,0.841698,4.57721e-08,0.269975,0.841698,0.46761,-0.269975,0.841698,0.46761,-0.539949,0.841698,0,-0.269975,0.841698,-0.46761,-0,-1,0,-1.52946e-08,-1,2.64909e-08,1.52946e-08,-1,2.6491e-08,0,-1,3.53213e-08],
    "faces":[32,0,1,2,0,0,0,32,2,1,3,1,1,1,32,3,1,4,2,2,2,32,4,1,5,3,3,3,32,5,1,6,4,4,4,32,6,1,0,5,5,5,32,6,0,2,6,6,6,32,2,3,4,7,7,7,32,4,5,6,8,8,8,32,2,4,6,9,9,9],
    "vertices":[0,-5,-11,0,5,7,15.5885,-5,-2,15.5885,-5,16,-1.57361e-06,-5,25,-15.5885,-5,16,-15.5885,-5,-2],
    "metadata":{
        "generator":"io_three",
        "normals":10,
        "faces":10,
        "vertices":7,
        "version":3,
        "type":"Geometry"
    }
}