{
    "metadata":{
        "position":203,
        "version":3,
        "generator":"io_three",
        "type":"BufferGeometry",
        "normal":203
    },
    "data":{
        "index":{
            "array":[0,1,2,3,4,5,6,7,8,9,10,11,12,13,14,15,16,17,18,19,20,21,22,23,24,25,26,27,28,29,30,31,32,33,34,35,36,37,38,39,40,41,42,43,44,45,46,47,48,49,50,51,52,53,54,55,56,57,58,59,60,61,62,63,64,65,66,67,68,69,70,71,72,73,74,75,76,77,78,79,80,81,82,83,84,85,86,87,88,89,90,91,92,93,94,95,96,97,98,99,100,101,0,102,1,3,103,4,6,104,7,9,105,10,12,106,13,15,107,16,18,108,19,21,109,22,24,110,25,27,111,28,30,112,31,33,113,34,36,114,37,39,115,40,42,116,43,45,117,46,48,118,49,51,119,52,54,120,55,57,121,58,60,122,61,63,123,64,66,124,67,69,125,70,72,126,73,75,127,76,78,128,79,81,129,82,84,130,85,87,131,88,132,133,134,134,135,132,136,137,138,138,139,92,92,140,141,141,142,92,143,144,90,145,146,90,90,147,148,148,149,150,150,151,152,152,153,91,91,154,155,155,156,91,157,158,159,159,160,132,132,135,136,161,162,163,92,142,143,144,145,90,90,148,91,150,152,91,91,156,157,164,165,166,132,138,92,167,168,169,148,150,91,91,159,132,132,92,91,93,170,94,96,171,97,172,173,174,174,175,176,177,178,179,180,181,176,101,182,183,183,184,101,185,186,99,187,188,99,99,189,190,190,191,192,192,193,194,194,195,100,100,196,197,197,198,199,199,200,172,201,202,172,172,174,101,176,181,101,101,184,185,186,187,99,99,190,100,192,194,100,100,197,172,200,201,172,174,176,101,101,185,99,190,192,100,197,199,172,172,101,100],
            "type":"Uint16Array",
            "itemSize":1
        },
        "groups":[{
            "materialIndex":0,
            "start":0,
            "count":372
        }],
        "attributes":{
            "position":{
                "array":[0,-0.018782,-0.972648,0.0292636,-0.0216642,-1.17265,0,-0.018782,-1.17265,0.0292636,-0.0216642,-0.972648,0.0574025,-0.0302001,-1.17265,0.0292636,-0.0216642,-1.17265,0.0574025,-0.0302001,-0.972648,0.0833355,-0.0440616,-1.17265,0.0574025,-0.0302001,-1.17265,0.0833355,-0.0440616,-0.972648,0.106066,-0.062716,-1.17265,0.0833355,-0.0440616,-1.17265,0.106066,-0.062716,-0.972648,0.12472,-0.0854465,-1.17265,0.106066,-0.062716,-1.17265,0.12472,-0.0854465,-0.972648,0.138582,-0.11138,-1.17265,0.12472,-0.0854465,-1.17265,0.138582,-0.11138,-0.972648,0.147118,-0.139518,-1.17265,0.138582,-0.11138,-1.17265,0.147118,-0.139518,-0.972648,0.15,-0.168782,-1.17265,0.147118,-0.139518,-1.17265,0.15,-0.168782,-0.972648,0.147118,-0.198046,-1.17265,0.15,-0.168782,-1.17265,0.147118,-0.198046,-0.972648,0.138582,-0.226185,-1.17265,0.147118,-0.198046,-1.17265,0.138582,-0.226185,-0.972648,0.12472,-0.252118,-1.17265,0.138582,-0.226185,-1.17265,0.12472,-0.252118,-0.972648,0.106066,-0.274848,-1.17265,0.12472,-0.252118,-1.17265,0.106066,-0.274848,-0.972648,0.0833355,-0.293503,-1.17265,0.106066,-0.274848,-1.17265,0.0833355,-0.293503,-0.972648,0.0574025,-0.307364,-1.17265,0.0833355,-0.293503,-1.17265,0.0574025,-0.307364,-0.972648,0.0292635,-0.3159,-1.17265,0.0574025,-0.307364,-1.17265,0.0292635,-0.3159,-0.972648,-4.88762e-08,-0.318782,-1.17265,0.0292635,-0.3159,-1.17265,-4.88762e-08,-0.318782,-0.972648,-0.0292636,-0.3159,-1.17265,-4.88762e-08,-0.318782,-1.17265,-0.0292636,-0.3159,-0.972648,-0.0574026,-0.307364,-1.17265,-0.0292636,-0.3159,-1.17265,-0.0574026,-0.307364,-0.972648,-0.0833356,-0.293502,-1.17265,-0.0574026,-0.307364,-1.17265,-0.0833356,-0.293502,-0.972648,-0.106066,-0.274848,-1.17265,-0.0833356,-0.293502,-1.17265,-0.106066,-0.274848,-0.972648,-0.124721,-0.252117,-1.17265,-0.106066,-0.274848,-1.17265,-0.124721,-0.252117,-0.972648,-0.138582,-0.226184,-1.17265,-0.124721,-0.252117,-1.17265,-0.138582,-0.226184,-0.972648,-0.147118,-0.198045,-1.17265,-0.138582,-0.226184,-1.17265,-0.147118,-0.198045,-0.972648,-0.15,-0.168782,-1.17265,-0.147118,-0.198045,-1.17265,-0.15,-0.168782,-0.972648,-0.147118,-0.139518,-1.17265,-0.15,-0.168782,-1.17265,-0.147118,-0.139518,-0.972648,-0.138582,-0.111379,-1.17265,-0.147118,-0.139518,-1.17265,-0.138582,-0.111379,-0.972648,-0.12472,-0.0854464,-1.17265,-0.138582,-0.111379,-1.17265,-0.12472,-0.0854464,-0.972648,-0.106066,-0.0627159,-1.17265,-0.12472,-0.0854464,-1.17265,-0.106066,-0.0627159,-0.972648,-0.0833354,-0.0440615,-1.17265,-0.106066,-0.0627159,-1.17265,-0.0833354,-0.0440615,-0.972648,-0.0574023,-0.0302,-1.17265,-0.0833354,-0.0440615,-1.17265,-0.0574026,-0.307364,-0.972648,0.138582,-0.226185,-0.972648,-0.138582,-0.111379,-0.972648,-0.0574023,-0.0302,-0.972648,-0.0292633,-0.0216642,-1.17265,-0.0574023,-0.0302,-1.17265,-0.0292633,-0.0216642,-0.972648,0,-0.018782,-1.17265,-0.0292633,-0.0216642,-1.17265,0.0292635,-0.3159,-1.17265,-0.147118,-0.198045,-1.17265,0.147118,-0.139518,-1.17265,0.0292636,-0.0216642,-0.972648,0.0574025,-0.0302001,-0.972648,0.0833355,-0.0440616,-0.972648,0.106066,-0.062716,-0.972648,0.12472,-0.0854465,-0.972648,0.138582,-0.11138,-0.972648,0.147118,-0.139518,-0.972648,0.15,-0.168782,-0.972648,0.147118,-0.198046,-0.972648,0.138582,-0.226185,-0.972648,0.12472,-0.252118,-0.972648,0.106066,-0.274848,-0.972648,0.0833355,-0.293503,-0.972648,0.0574025,-0.307364,-0.972648,0.0292635,-0.3159,-0.972648,-4.88762e-08,-0.318782,-0.972648,-0.0292636,-0.3159,-0.972648,-0.0574026,-0.307364,-0.972648,-0.0833356,-0.293502,-0.972648,-0.106066,-0.274848,-0.972648,-0.124721,-0.252117,-0.972648,-0.138582,-0.226184,-0.972648,-0.147118,-0.198045,-0.972648,-0.15,-0.168782,-0.972648,-0.147118,-0.139518,-0.972648,-0.138582,-0.111379,-0.972648,-0.12472,-0.0854464,-0.972648,-0.106066,-0.0627159,-0.972648,-0.0833354,-0.0440615,-0.972648,-0.0574023,-0.0302,-0.972648,0.0574025,-0.0302001,-0.972648,0.0292636,-0.0216642,-0.972648,0,-0.018782,-0.972648,-0.0292633,-0.0216642,-0.972648,-0.0574023,-0.0302,-0.972648,-0.0833354,-0.0440615,-0.972648,-0.106066,-0.0627159,-0.972648,-0.12472,-0.0854464,-0.972648,-0.147118,-0.139518,-0.972648,-0.15,-0.168782,-0.972648,-0.147118,-0.198045,-0.972648,-0.138582,-0.226184,-0.972648,-0.124721,-0.252117,-0.972648,-0.106066,-0.274848,-0.972648,-0.0833356,-0.293502,-0.972648,-0.0292636,-0.3159,-0.972648,-4.88762e-08,-0.318782,-0.972648,0.0292635,-0.3159,-0.972648,0.0574025,-0.307364,-0.972648,0.0833355,-0.293503,-0.972648,0.106066,-0.274848,-0.972648,0.12472,-0.252118,-0.972648,0.147118,-0.198046,-0.972648,0.15,-0.168782,-0.972648,0.147118,-0.139518,-0.972648,0.138582,-0.11138,-0.972648,0.12472,-0.0854465,-0.972648,0.106066,-0.062716,-0.972648,0.0833355,-0.0440616,-0.972648,-0.0574023,-0.0302,-0.972648,-0.106066,-0.0627159,-0.972648,0.0574025,-0.0302001,-0.972648,0.138582,-0.11138,-0.972648,0.106066,-0.062716,-0.972648,0.138582,-0.226185,-0.972648,-0.138582,-0.111379,-0.972648,-0.138582,-0.226184,-0.972648,-0.0574026,-0.307364,-0.972648,-0.0292633,-0.0216642,-0.972648,0,-0.018782,-0.972648,-0.0292633,-0.0216642,-1.17265,0,-0.018782,-1.17265,0.0292636,-0.0216642,-1.17265,0.0574025,-0.0302001,-1.17265,0.0833355,-0.0440616,-1.17265,0.0833355,-0.0440616,-1.17265,0.106066,-0.062716,-1.17265,0.12472,-0.0854465,-1.17265,0.12472,-0.0854465,-1.17265,0.138582,-0.11138,-1.17265,0.15,-0.168782,-1.17265,0.147118,-0.198046,-1.17265,0.138582,-0.226185,-1.17265,0.12472,-0.252118,-1.17265,0.106066,-0.274848,-1.17265,0.0833355,-0.293503,-1.17265,0.0574025,-0.307364,-1.17265,-4.88762e-08,-0.318782,-1.17265,-0.0292636,-0.3159,-1.17265,-0.0574026,-0.307364,-1.17265,-0.0833356,-0.293502,-1.17265,-0.106066,-0.274848,-1.17265,-0.124721,-0.252117,-1.17265,-0.138582,-0.226184,-1.17265,-0.15,-0.168782,-1.17265,-0.147118,-0.139518,-1.17265,-0.138582,-0.111379,-1.17265,-0.12472,-0.0854464,-1.17265,-0.106066,-0.0627159,-1.17265,-0.0833354,-0.0440615,-1.17265,-0.0574023,-0.0302,-1.17265],
                "type":"Float32Array",
                "itemSize":3
            },