{
    "normals":[-1,0,0,-0,0,-1,1,0,0,0,0,1,0,-1,5.96046e-08,0,1,-5.96046e-08],
    "faces":[33,0,1,3,2,0,0,0,0,33,2,3,7,6,1,1,1,1,33,6,7,5,4,2,2,2,2,33,1,0,4,5,3,3,3,3,33,4,0,2,6,4,4,4,4,33,7,3,1,5,5,5,5,5],
    "vertices":[-0.3,-0.468782,0.016368,-0.3,0.131218,0.016368,-0.3,-0.468782,-0.983632,-0.3,0.131218,-0.983632,0.3,-0.468782,0.016368,0.3,0.131218,0.016368,0.3,-0.468782,-0.983632,0.3,0.131218,-0.983632],
    "metadata":{
        "generator":"io_three",
        "normals":6,
        "faces":6,
        "vertices":8,
        "version":3,
        "type":"Geometry"
    }
}