{
    "data":{
        "attributes":{
            "position":{
                "itemSize":3,
                "array":[2.25,0.600637,-0.223967,1.79549,0.817143,-1.01946,2.125,0.817143,-0.223967,1.79549,0.817143,-1.01946,1.875,0.817143,-0.223967,2.125,0.817143,-0.223967,1.875,0.817143,-0.223967,1.53033,0.600637,-0.754297,1.75,0.600637,-0.223967,1.53033,0.600637,-0.754297,1.875,0.384131,-0.223967,1.75,0.600637,-0.223967,1.875,0.384131,-0.223967,1.79549,0.384131,-1.01946,2.125,0.384131,-0.223967,1.79549,0.384131,-1.01946,2.25,0.600637,-0.223967,2.125,0.384131,-0.223967,0.999999,0.600637,-1.47397,1.79549,0.817143,-1.01946,1.88388,0.600637,-1.10785,1.79549,0.817143,-1.01946,0.999999,0.817143,-1.09897,1.61872,0.817143,-0.842686,1.61872,0.817143,-0.842686,0.999999,0.600637,-0.973967,1.53033,0.600637,-0.754297,0.999999,0.600637,-0.973967,1.61872,0.384131,-0.842686,1.53033,0.600637,-0.754297,0.999999,0.384131,-1.09897,1.79549,0.384131,-1.01946,1.61872,0.384131,-0.842686,0.999999,0.384131,-1.34897,1.88388,0.600637,-1.10785,1.79549,0.384131,-1.01946,0.116115,0.600637,-1.10785,0.999999,0.817143,-1.34897,0.999999,0.600637,-1.47397,0.999999,0.817143,-1.34897,0.38128,0.817143,-0.842685,0.999999,0.817143,-1.09897,0.38128,0.817143,-0.842685,0.999999,0.600637,-0.973967,0.999999,0.817143,-1.09897,0.469669,0.600637,-0.754297,0.999999,0.384131,-1.09897,0.999999,0.600637,-0.973967,0.38128,0.384131,-0.842685,0.999999,0.384131,-1.34897,0.999999,0.384131,-1.09897,0.999999,0.384131,-1.34897,0.116115,0.600637,-1.10785,0.999999,0.600637,-1.47397,0.116115,0.600637,-1.10785,-0.125001,0.817143,-0.223967,0.204504,0.817143,-1.01946,-0.125001,0.817143,-0.223967,0.38128,0.817143,-0.842685,0.204504,0.817143,-1.01946,0.38128,0.817143,-0.842685,0.249999,0.600637,-0.223967,0.469669,0.600637,-0.754297,0.249999,0.600637,-0.223967,0.38128,0.384131,-0.842685,0.469669,0.600637,-0.754297,0.38128,0.384131,-0.842685,-0.125001,0.384131,-0.223967,0.204504,0.384131,-1.01946,-0.125001,0.384131,-0.223967,0.116115,0.600637,-1.10785,0.204504,0.384131,-1.01946,0.116115,0.600637,0.659916,-0.125001,0.817143,-0.223967,-0.250001,0.600637,-0.223967,0.204504,0.817143,0.571528,0.124999,0.817143,-0.223967,-0.125001,0.817143,-0.223967,0.38128,0.817143,0.394751,0.249999,0.600637,-0.223967,0.124999,0.817143,-0.223967,0.469669,0.600637,0.306363,0.124999,0.384131,-0.223967,0.249999,0.600637,-0.223967,0.124999,0.384131,-0.223967,0.204504,0.384131,0.571528,-0.125001,0.384131,-0.223967,0.204504,0.384131,0.571528,-0.250001,0.600637,-0.223967,-0.125001,0.384131,-0.223967,0.116115,0.600637,0.659916,0.999999,0.817143,0.901033,0.204504,0.817143,0.571528,0.999999,0.817143,0.901033,0.38128,0.817143,0.394751,0.204504,0.817143,0.571528,0.999999,0.817143,0.651033,0.469669,0.600637,0.306363,0.38128,0.817143,0.394751,0.999999,0.600637,0.526033,0.38128,0.384131,0.394751,0.469669,0.600637,0.306363,0.38128,0.384131,0.394751,0.999999,0.384131,0.901033,0.204504,0.384131,0.571528,0.999999,0.384131,0.901033,0.116115,0.600637,0.659916,0.204504,0.384131,0.571528,0.999999,0.600637,1.02603,1.79549,0.817143,0.571528,0.999999,0.817143,0.901033,0.999999,0.817143,0.901033,1.61872,0.817143,0.394752,0.999999,0.817143,0.651033,1.61872,0.817143,0.394752,0.999999,0.600637,0.526033,0.999999,0.817143,0.651033,0.999999,0.600637,0.526033,1.61872,0.384131,0.394752,0.999999,0.384131,0.651033,1.61872,0.384131,0.394752,0.999999,0.384131,0.901033,0.999999,0.384131,0.651033,1.79549,0.384131,0.571528,0.999999,0.600637,1.02603,0.999999,0.384131,0.901033,2.25,0.600637,-0.223967,1.79549,0.817143,0.571528,1.88388,0.600637,0.659917,2.125,0.817143,-0.223967,1.61872,0.817143,0.394752,1.79549,0.817143,0.571528,1.875,0.817143,-0.223967,1.53033,0.600637,0.306363,1.61872,0.817143,0.394752,1.75,0.600637,-0.223967,1.61872,0.384131,0.394752,1.53033,0.600637,0.306363,1.875,0.384131,-0.223967,1.79549,0.384131,0.571528,1.61872,0.384131,0.394752,2.125,0.384131,-0.223967,1.88388,0.600637,0.659917,1.79549,0.384131,0.571528,2.25,0.600637,-0.223967,1.88388,0.600637,-1.10785,1.79549,0.817143,-1.01946,1.79549,0.817143,-1.01946,1.61872,0.817143,-0.842686,1.875,0.817143,-0.223967,1.875,0.817143,-0.223967,1.61872,0.817143,-0.842686,1.53033,0.600637,-0.754297,1.53033,0.600637,-0.754297,1.61872,0.384131,-0.842686,1.875,0.384131,-0.223967,1.61872,0.384131,-0.842686,1.79549,0.384131,-1.01946,1.88388,0.600637,-1.10785,2.25,0.600637,-0.223967,0.999999,0.600637,-1.47397,0.999999,0.817143,-1.34897,1.79549,0.817143,-1.01946,1.79549,0.817143,-1.01946,1.61872,0.817143,-0.842686,0.999999,0.817143,-1.09897,0.999999,0.600637,-0.973967,0.999999,0.600637,-0.973967,0.999999,0.384131,-1.09897,1.61872,0.384131,-0.842686,0.999999,0.384131,-1.09897,0.999999,0.384131,-1.34897,1.79549,0.384131,-1.01946,0.999999,0.384131,-1.34897,0.999999,0.600637,-1.47397,1.88388,0.600637,-1.10785,0.116115,0.600637,-1.10785,0.204504,0.817143,-1.01946,0.999999,0.817143,-1.34897,0.204504,0.817143,-1.01946,0.38128,0.817143,-0.842685,0.469669,0.600637,-0.754297,0.999999,0.600637,-0.973967,0.469669,0.600637,-0.754297,0.38128,0.384131,-0.842685,0.999999,0.384131,-1.09897,0.38128,0.384131,-0.842685,0.204504,0.384131,-1.01946,0.999999,0.384131,-1.34897,0.999999,0.384131,-1.34897,0.204504,0.384131,-1.01946,0.116115,0.600637,-1.10785,0.116115,0.600637,-1.10785,-0.250001,0.600637,-0.223967,-0.125001,0.817143,-0.223967,-0.125001,0.817143,-0.223967,0.124999,0.817143,-0.223967,0.38128,0.817143,-0.842685,0.38128,0.817143,-0.842685,0.124999,0.817143,-0.223967,0.249999,0.600637,-0.223967,0.249999,0.600637,-0.223967,0.124999,0.384131,-0.223967,0.38128,0.384131,-0.842685,0.124999,0.384131,-0.223967,-0.125001,0.384131,-0.223967,-0.250001,0.600637,-0.223967,0.116115,0.600637,-1.10785,0.116115,0.600637,0.659916,0.204504,0.817143,0.571528,-0.125001,0.817143,-0.223967,0.38128,0.817143,0.394751,0.38128,0.817143,0.394751,0.469669,0.600637,0.306363,0.249999,0.600637,-0.223967,0.469669,0.600637,0.306363,0.38128,0.384131,0.394751,0.124999,0.384131,-0.223967,0.124999,0.384131,-0.223967,0.38128,0.384131,0.394751,0.204504,0.384131,0.571528,0.204504,0.384131,0.571528,0.116115,0.600637,0.659916,-0.250001,0.600637,-0.223967,0.116115,0.600637,0.659916,0.999999,0.600637,1.02603,0.999999,0.817143,0.901033,0.999999,0.817143,0.901033,0.999999,0.817143,0.651033,0.38128,0.817143,0.394751,0.999999,0.600637,0.526033,0.999999,0.600637,0.526033,0.999999,0.384131,0.651033,0.38128,0.384131,0.394751,0.38128,0.384131,0.394751,0.999999,0.384131,0.901033,0.999999,0.600637,1.02603,0.116115,0.600637,0.659916,0.999999,0.600637,1.02603,1.88388,0.600637,0.659917,1.79549,0.817143,0.571528,0.999999,0.817143,0.901033,1.79549,0.817143,0.571528,1.61872,0.817143,0.394752,1.61872,0.817143,0.394752,1.53033,0.600637,0.306363,0.999999,0.600637,0.526033,0.999999,0.600637,0.526033,1.53033,0.600637,0.306363,1.61872,0.384131,0.394752,1.61872,0.384131,0.394752,1.79549,0.384131,0.571528,1.79549,0.384131,0.571528,1.88388,0.600637,0.659917,0.999999,0.600637,1.02603,2.25,0.600637,-0.223967,2.125,0.817143,-0.223967,1.79549,0.817143,0.571528,1.875,0.817143,-0.223967,1.875,0.817143,-0.223967,1.75,0.600637,-0.223967,1.53033,0.600637,0.306363,1.75,0.600637,-0.223967,1.875,0.384131,-0.223967,1.61872,0.384131,0.394752,1.875,0.384131,-0.223967,2.125,0.384131,-0.223967,1.79549,0.384131,0.571528,2.125,0.384131,-0.223967,2.25,0.600637,-0.223967,1.88388,0.600637,0.659917],
                "type":"Float32Array"
            },
            "normal":{
                "itemSize":3,